{"cameraMode":{"drawMode":0,"name":"Shaded","section":"Shading Mode"},"sceneLighting":false,"audioPlay":false,"sceneViewState":{"m_AlwaysRefresh":false,"showFog":false,"showSkybox":false,"showFlares":false,"showImageEffects":false,"showParticleSystems":false,"showVisualEffectGraphs":true,"m_FxEnabled":true},"in2DMode":false,"pivot":{"x":0.13462725281715394,"y":-0.21837455034255982,"z":0.14681172370910645},"rotation":{"x":0.01626034639775753,"y":0.9780037999153137,"z":-0.19043245911598206,"w":0.08349926024675369},"size":1.3154492378234864,"orthographic":false}